<?xml version="1.0" encoding="UTF-8"?>
<project-private xmlns="http://www.netbeans.org/ns/project-private/1">
    <editor-bookmarks xmlns="http://www.netbeans.org/ns/editor-bookmarks/2" lastBookmarkId="0"/>
    <open-files xmlns="http://www.netbeans.org/ns/projectui-open-files/2">
        <group>
            <file>file:/C:/Users/Deepak/Desktop/TwitterWebsite/web/deactivationpage.xhtml</file>
            <file>file:/C:/Users/Deepak/Desktop/TwitterWebsite/src/java/twitterPages/Login.java</file>
            <file>file:/C:/Users/Deepak/Desktop/TwitterWebsite/src/java/twitterPages/Userprofile.java</file>
            <file>file:/C:/Users/Deepak/Desktop/TwitterWebsite/web/newsFeed.xhtml</file>
            <file>file:/C:/Users/Deepak/Desktop/TwitterWebsite/web/createUserProfile.xhtml</file>
        </group>
        <group name="Questions_set2">
            <file>file:/C:/Users/chaga/Desktop/Sem%204/JAVA/twitter%20project/TwitterWebsite/TwitterWebsite/web/index.xhtml</file>
            <file>file:/C:/Users/chaga/Desktop/Sem%204/JAVA/twitter%20project/TwitterWebsite/TwitterWebsite/web/Searchresult.xhtml</file>
            <file>file:/C:/Users/chaga/Desktop/Sem%204/JAVA/twitter%20project/TwitterWebsite/TwitterWebsite/web/searchedprofile.xhtml</file>
            <file>file:/C:/Users/chaga/Desktop/Sem%204/JAVA/twitter%20project/TwitterWebsite/TwitterWebsite/web/createUserProfile.xhtml</file>
            <file>file:/C:/Users/chaga/Desktop/Sem%204/JAVA/twitter%20project/TwitterWebsite/TwitterWebsite/web/newsFeed.xhtml</file>
        </group>
    </open-files>
</project-private>
